                  epoch,         train/box_loss,         train/cls_loss,         train/dfl_loss,   metrics/precision(B),      metrics/recall(B),       metrics/mAP50(B),    metrics/mAP50-95(B),           val/box_loss,           val/cls_loss,           val/dfl_loss,                 lr/pg0,                 lr/pg1,                 lr/pg2
                      1,                 1.3931,                 2.4028,                 1.1861,                0.63641,                0.34888,                0.40988,                0.25789,                 1.2736,                 2.2567,                 1.2022,             0.00054963,             0.00054963,             0.00054963
                      2,                 1.3817,                  1.702,                 1.2028,                0.43738,                0.51557,                0.43203,                 0.2694,                 1.3619,                 2.0458,                 1.3328,              0.0010998,              0.0010998,              0.0010998
                      3,                 1.3774,                 1.5074,                 1.2082,                0.65854,                0.59088,                0.58653,                0.33251,                  1.434,                 1.7011,                 1.3478,              0.0016445,              0.0016445,              0.0016445
                      4,                 1.3516,                 1.3631,                 1.2152,                0.72135,                0.62918,                0.67227,                0.40652,                 1.3278,                 1.3014,                  1.259,              0.0016422,              0.0016422,              0.0016422
                      5,                 1.3568,                 1.2168,                 1.1845,                0.80639,                0.62865,                0.69657,                0.42446,                 1.3269,                  1.434,                 1.2687,               0.001634,               0.001634,               0.001634
                      6,                  1.354,                 1.1833,                 1.1724,                0.76918,                0.65679,                0.75158,                0.47478,                  1.289,                 1.1686,                 1.2226,              0.0016257,              0.0016257,              0.0016257
                      7,                 1.3085,                 1.1211,                 1.1579,                0.80084,                0.69054,                0.76642,                0.48792,                 1.3041,                 1.1044,                 1.2389,              0.0016175,              0.0016175,              0.0016175
                      8,                 1.3158,                 1.1378,                 1.1848,                0.69445,                0.62521,                0.65628,                0.40426,                 1.3313,                 1.3361,                 1.2836,              0.0016092,              0.0016092,              0.0016092
                      9,                 1.2736,                 1.0852,                 1.1516,                0.77898,                0.64263,                  0.721,                0.46865,                 1.2707,                 1.1902,                 1.2386,               0.001601,               0.001601,               0.001601
                     10,                 1.3046,                 1.0603,                 1.1534,                 0.7348,                0.71408,                0.73396,                0.43768,                 1.3468,                 1.1192,                 1.2474,              0.0015927,              0.0015927,              0.0015927
                     11,                 1.2648,                0.99705,                 1.1321,                0.80474,                0.75453,                0.80694,                0.52103,                 1.2027,                0.93839,                 1.1565,              0.0015845,              0.0015845,              0.0015845
                     12,                 1.2706,                0.99289,                 1.1341,                0.76642,                0.74729,                0.81055,                0.52968,                 1.1794,                0.96736,                 1.1526,              0.0015762,              0.0015762,              0.0015762
                     13,                 1.2471,                0.93324,                 1.1154,                0.84289,                0.72173,                0.81718,                0.52836,                 1.2251,                0.97309,                  1.194,               0.001568,               0.001568,               0.001568
                     14,                  1.282,                0.94674,                 1.1297,                0.79078,                0.74018,                0.79473,                0.50613,                 1.2136,                 1.0941,                 1.1718,              0.0015597,              0.0015597,              0.0015597
                     15,                 1.2152,                0.94336,                 1.1131,                0.80246,                0.73198,                 0.8155,                0.52972,                  1.208,                 1.0063,                 1.1668,              0.0015515,              0.0015515,              0.0015515
                     16,                 1.2404,                 0.9342,                 1.1329,                0.82272,                0.72604,                0.79648,                0.51943,                 1.2137,                 1.0021,                 1.1781,              0.0015432,              0.0015432,              0.0015432
                     17,                 1.2502,                0.93234,                 1.1302,                 0.7516,                0.75092,                0.80728,                 0.5344,                 1.1731,                 1.0496,                 1.1489,               0.001535,               0.001535,               0.001535
                     18,                 1.2124,                0.90013,                 1.1018,                0.82067,                0.76237,                0.81653,                0.54103,                 1.1703,                0.91238,                 1.1539,              0.0015267,              0.0015267,              0.0015267
                     19,                 1.1892,                0.87609,                 1.1063,                0.76814,                0.73389,                0.77987,                0.52466,                 1.1677,                0.92453,                 1.1448,              0.0015185,              0.0015185,              0.0015185
                     20,                 1.2189,                0.88241,                  1.105,                0.81552,                0.78138,                0.83419,                0.55175,                 1.1784,                0.85294,                 1.1578,              0.0015102,              0.0015102,              0.0015102
                     21,                 1.2095,                0.86776,                 1.0839,                0.82315,                0.76184,                0.82947,                0.56397,                 1.1124,                0.86865,                 1.1296,               0.001502,               0.001502,               0.001502
                     22,                 1.1786,                 0.8484,                 1.0972,                0.83278,                0.76752,                0.82569,                0.55952,                 1.1213,                0.86918,                 1.1293,              0.0014937,              0.0014937,              0.0014937
                     23,                 1.1928,                0.82918,                 1.0974,                 0.8122,                0.77194,                0.83532,                0.54294,                 1.1796,                0.90974,                 1.1532,              0.0014855,              0.0014855,              0.0014855
                     24,                 1.1746,                0.85369,                 1.1003,                 0.8227,                  0.751,                0.81049,                0.52411,                 1.1973,                0.98321,                 1.1583,              0.0014772,              0.0014772,              0.0014772
                     25,                 1.1516,                0.80581,                 1.0823,                0.84178,                0.76599,                0.85399,                0.57256,                   1.14,                0.81736,                 1.1209,               0.001469,               0.001469,               0.001469
                     26,                 1.2113,                0.83808,                 1.0916,                0.83989,                0.79607,                0.84942,                0.57239,                 1.1476,                 0.8147,                 1.1281,              0.0014607,              0.0014607,              0.0014607
                     27,                  1.186,                 0.8327,                 1.0923,                0.83129,                0.80549,                0.86548,                0.57967,                 1.1402,                0.78354,                 1.1249,              0.0014525,              0.0014525,              0.0014525
                     28,                 1.1794,                0.83033,                 1.0972,                0.78943,                0.77705,                0.83088,                0.54727,                 1.1484,                0.83357,                 1.1249,              0.0014442,              0.0014442,              0.0014442
                     29,                 1.1769,                0.80602,                 1.0877,                0.79742,                0.75391,                0.80345,                0.52569,                 1.1583,                0.90312,                 1.1366,               0.001436,               0.001436,               0.001436
                     30,                  1.178,                0.81368,                 1.0866,                0.84444,                0.76791,                0.84262,                0.56744,                 1.1318,                0.78213,                 1.1274,              0.0014277,              0.0014277,              0.0014277
                     31,                 1.1631,                 0.7897,                 1.0689,                0.79353,                0.79924,                0.83654,                0.55917,                 1.1424,                0.86748,                 1.1205,              0.0014195,              0.0014195,              0.0014195
                     32,                 1.1372,                0.80486,                 1.0738,                0.81924,                0.79821,                0.85854,                0.56071,                 1.1669,                0.79267,                 1.1243,              0.0014112,              0.0014112,              0.0014112
                     33,                 1.1439,                0.76863,                 1.0677,                0.80982,                 0.8058,                0.85853,                0.56524,                 1.1739,                0.77604,                  1.136,              0.0014029,              0.0014029,              0.0014029
                     34,                 1.1646,                 0.7887,                   1.08,                 0.7485,                0.81156,                0.84569,                  0.566,                 1.1414,                0.80511,                 1.1276,              0.0013947,              0.0013947,              0.0013947
                     35,                 1.1113,                0.76266,                 1.0732,                 0.8456,                  0.807,                0.86967,                0.57279,                 1.1234,                0.79978,                 1.1213,              0.0013864,              0.0013864,              0.0013864
                     36,                 1.1296,                0.75338,                  1.068,                0.82126,                0.77114,                0.84923,                 0.5642,                 1.1128,                0.81385,                  1.097,              0.0013782,              0.0013782,              0.0013782
                     37,                 1.1339,                0.76036,                 1.0696,                0.81957,                0.80111,                0.84863,                 0.5641,                 1.1702,                0.75757,                 1.1295,              0.0013699,              0.0013699,              0.0013699
                     38,                 1.1349,                0.74346,                 1.0575,                0.82426,                0.79199,                0.86781,                0.59237,                 1.1236,                0.76843,                 1.1219,              0.0013617,              0.0013617,              0.0013617
                     39,                  1.109,                0.75355,                 1.0741,                0.81103,                0.82393,                0.85686,                0.58295,                 1.1164,                0.75239,                 1.1072,              0.0013534,              0.0013534,              0.0013534
                     40,                 1.1267,                 0.7424,                 1.0607,                 0.8177,                0.80609,                0.85464,                0.57711,                 1.1336,                0.77145,                 1.1112,              0.0013452,              0.0013452,              0.0013452
                     41,                  1.114,                0.73384,                 1.0611,                 0.8346,                0.80382,                0.86673,                0.57608,                 1.1049,                0.75777,                  1.108,              0.0013369,              0.0013369,              0.0013369
                     42,                 1.1195,                0.72036,                 1.0493,                0.85722,                0.78216,                0.86269,                0.58755,                 1.1055,                0.76011,                 1.0992,              0.0013287,              0.0013287,              0.0013287
                     43,                 1.1465,                0.73479,                 1.0636,                0.88505,                0.77784,                0.87305,                0.59677,                 1.1179,                0.74373,                 1.0973,              0.0013204,              0.0013204,              0.0013204
                     44,                 1.1036,                0.72692,                  1.043,                0.84225,                0.75276,                0.84123,                0.57327,                 1.0875,                0.76087,                 1.0968,              0.0013122,              0.0013122,              0.0013122
                     45,                 1.1052,                 0.7084,                 1.0582,                0.84137,                0.80355,                0.86538,                0.58326,                 1.1056,                0.72592,                 1.0884,              0.0013039,              0.0013039,              0.0013039
                     46,                 1.0802,                0.71538,                 1.0461,                0.82797,                0.78639,                0.83352,                0.55029,                  1.117,                0.78477,                 1.0998,              0.0012957,              0.0012957,              0.0012957
                     47,                  1.095,                0.70763,                 1.0488,                 0.8472,                0.78277,                  0.852,                0.58211,                 1.1123,                0.72928,                 1.1068,              0.0012874,              0.0012874,              0.0012874
                     48,                 1.1127,                0.72826,                  1.058,                0.82023,                0.80344,                0.83884,                0.54776,                 1.1422,                0.81252,                 1.1214,              0.0012792,              0.0012792,              0.0012792
                     49,                 1.0921,                0.71308,                 1.0473,                0.81858,                0.81703,                0.86268,                0.58418,                 1.0887,                0.74283,                 1.0883,              0.0012709,              0.0012709,              0.0012709
                     50,                  1.096,                0.71636,                 1.0437,                0.83981,                0.81516,                0.85114,                0.56444,                 1.1123,                0.73202,                 1.0989,              0.0012627,              0.0012627,              0.0012627
                     51,                 1.0785,                0.70263,                 1.0458,                0.81204,                0.80464,                0.85039,                0.55474,                 1.1822,                0.75375,                 1.1238,              0.0012544,              0.0012544,              0.0012544
                     52,                 1.0908,                0.69855,                 1.0597,                0.83273,                0.81806,                0.85631,                 0.5876,                 1.1003,                0.74562,                  1.106,              0.0012462,              0.0012462,              0.0012462
                     53,                 1.0905,                0.70125,                 1.0452,                 0.8463,                0.83704,                0.87871,                0.59814,                 1.0874,                0.69985,                 1.0874,              0.0012379,              0.0012379,              0.0012379
                     54,                 1.0768,                0.67661,                 1.0448,                0.83959,                0.84181,                0.88318,                 0.5971,                 1.1086,                0.70458,                 1.1036,              0.0012297,              0.0012297,              0.0012297
                     55,                 1.0932,                0.68902,                 1.0378,                0.89289,                0.79247,                0.87245,                 0.5907,                 1.1009,                0.73774,                 1.0951,              0.0012214,              0.0012214,              0.0012214
                     56,                 1.0652,                0.68151,                 1.0474,                0.84475,                0.81512,                0.87549,                0.59263,                 1.1143,                0.72188,                  1.092,              0.0012132,              0.0012132,              0.0012132
                     57,                 1.0821,                0.69527,                 1.0509,                0.82848,                0.80814,                0.86339,                0.57036,                 1.1041,                0.72238,                 1.0851,              0.0012049,              0.0012049,              0.0012049
                     58,                 1.0786,                 0.6826,                 1.0398,                0.86229,                0.80364,                0.88366,                0.60746,                 1.0872,                0.71174,                 1.0829,              0.0011967,              0.0011967,              0.0011967
                     59,                 1.0843,                0.66956,                 1.0355,                0.85956,                 0.8348,                0.88816,                0.59912,                 1.0903,                0.70397,                 1.0908,              0.0011884,              0.0011884,              0.0011884
                     60,                 1.0507,                 0.6668,                 1.0267,                0.80978,                0.84977,                0.86735,                 0.5851,                 1.1046,                 0.6946,                 1.0954,              0.0011802,              0.0011802,              0.0011802
                     61,                 1.0792,                0.66873,                 1.0331,                0.85377,                0.82021,                 0.8802,                0.58796,                 1.0946,                0.69301,                 1.0881,              0.0011719,              0.0011719,              0.0011719
                     62,                 1.0607,                0.65878,                 1.0366,                0.86522,                0.81819,                0.88445,                0.60531,                 1.0893,                0.67757,                 1.0811,              0.0011636,              0.0011636,              0.0011636
                     63,                 1.0386,                0.64133,                 1.0273,                0.85898,                0.81152,                0.87744,                0.60813,                 1.0757,                0.67919,                 1.0772,              0.0011554,              0.0011554,              0.0011554
                     64,                 1.0556,                0.65396,                 1.0332,                0.85755,                0.82023,                0.88738,                0.61642,                 1.0856,                0.69676,                 1.0973,              0.0011471,              0.0011471,              0.0011471
                     65,                 1.0547,                0.66558,                 1.0268,                0.84011,                0.84221,                0.88883,                0.60546,                 1.0838,                0.70129,                 1.0911,              0.0011389,              0.0011389,              0.0011389
                     66,                  1.049,                0.65362,                 1.0203,                0.84333,                0.83072,                 0.8778,                0.60647,                 1.0828,                0.68206,                 1.0714,              0.0011306,              0.0011306,              0.0011306
                     67,                 1.0638,                0.64856,                 1.0279,                 0.8103,                0.83939,                 0.8704,                0.59971,                 1.0925,                0.69233,                 1.0934,              0.0011224,              0.0011224,              0.0011224
                     68,                 1.0294,                0.62686,                 1.0209,                0.84576,                0.83201,                0.88598,                0.61194,                 1.0954,                0.66673,                 1.0762,              0.0011141,              0.0011141,              0.0011141
                     69,                 1.0437,                0.63471,                 1.0298,                0.83427,                0.84633,                0.87422,                0.59674,                 1.1044,                0.69429,                  1.085,              0.0011059,              0.0011059,              0.0011059
                     70,                 1.0539,                0.64209,                  1.018,                0.85461,                0.84967,                0.89183,                0.60464,                 1.1034,                  0.674,                 1.0893,              0.0010976,              0.0010976,              0.0010976
                     71,                 1.0308,                0.63636,                  1.016,                0.85403,                0.84866,                0.88827,                0.61048,                 1.0698,                0.67208,                 1.0735,              0.0010894,              0.0010894,              0.0010894
                     72,                 1.0641,                0.64867,                 1.0166,                0.82619,                 0.8407,                  0.878,                0.59906,                 1.0843,                0.69779,                 1.0915,              0.0010811,              0.0010811,              0.0010811
                     73,                 1.0385,                0.64488,                 1.0168,                0.86379,                0.81669,                0.87881,                0.60537,                 1.0776,                0.68843,                 1.0779,              0.0010729,              0.0010729,              0.0010729
                     74,                 1.0176,                0.62947,                 1.0093,                0.84092,                0.83379,                0.87297,                0.60516,                 1.0871,                0.68662,                 1.0999,              0.0010646,              0.0010646,              0.0010646
                     75,                 1.0583,                0.62988,                 1.0111,                 0.8136,                0.83319,                0.87618,                 0.5968,                 1.1095,                0.69443,                 1.0954,              0.0010564,              0.0010564,              0.0010564
                     76,                 1.0532,                0.62195,                 1.0081,                0.86977,                0.82871,                0.89533,                0.61849,                 1.0865,                0.64596,                 1.0825,              0.0010481,              0.0010481,              0.0010481
                     77,                 1.0313,                0.61198,                 1.0141,                0.81546,                0.84131,                0.87761,                0.60761,                 1.0807,                0.67066,                 1.0818,              0.0010399,              0.0010399,              0.0010399
                     78,                 1.0429,                0.62025,                 1.0152,                 0.8378,                0.85089,                0.87353,                 0.5972,                 1.0875,                0.68408,                 1.0907,              0.0010316,              0.0010316,              0.0010316
                     79,                 1.0162,                0.60811,                 1.0071,                0.85295,                0.83947,                 0.8791,                  0.611,                 1.0841,                0.65643,                 1.0861,              0.0010234,              0.0010234,              0.0010234
                     80,                 1.0241,                0.60896,                 1.0147,                0.83042,                0.84182,                 0.8842,                0.61238,                 1.0855,                0.66074,                 1.0833,              0.0010151,              0.0010151,              0.0010151
                     81,                 1.0245,                0.61368,                 1.0141,                0.86815,                0.82348,                 0.8786,                 0.6009,                 1.0817,                0.66929,                 1.0823,              0.0010069,              0.0010069,              0.0010069
                     82,                 1.0274,                0.60779,                 1.0186,                0.87226,                0.81014,                0.86889,                0.61056,                 1.0776,                0.66337,                 1.0816,             0.00099862,             0.00099862,             0.00099862
                     83,                0.98827,                 0.6033,                 1.0122,                0.83274,                 0.8485,                0.86995,                0.58684,                 1.0912,                0.68236,                  1.094,             0.00099036,             0.00099036,             0.00099036
                     84,                 1.0397,                 0.6014,                 1.0139,                0.87766,                0.80394,                0.88669,                 0.6061,                 1.0879,                0.67998,                 1.0771,             0.00098211,             0.00098211,             0.00098211
                     85,                0.99723,                0.59523,                 1.0033,                0.84551,                 0.8324,                0.88198,                 0.5988,                 1.0899,                0.66334,                 1.0809,             0.00097386,             0.00097386,             0.00097386
                     86,                 1.0341,                 0.6057,                0.99874,                0.85409,                0.82555,                0.88297,                0.61339,                 1.0831,                0.64733,                 1.0865,             0.00096561,             0.00096561,             0.00096561
                     87,                 1.0016,                 0.5983,                 1.0113,                0.87643,                0.82722,                0.89221,                0.60823,                 1.1022,                0.64586,                 1.0925,             0.00095736,             0.00095736,             0.00095736
                     88,                 1.0199,                0.62104,                 1.0074,                0.83131,                0.85585,                0.88722,                0.61266,                 1.0989,                0.65126,                 1.0939,             0.00094911,             0.00094911,             0.00094911
                     89,                 1.0056,                0.59418,                  1.002,                0.86836,                0.84413,                0.90122,                 0.6181,                 1.1003,                0.63594,                 1.0816,             0.00094085,             0.00094085,             0.00094085
                     90,                 1.0045,                0.59337,                 1.0042,                0.84262,                0.85661,                0.89117,                0.60589,                 1.0792,                0.64849,                 1.0768,              0.0009326,              0.0009326,              0.0009326
                     91,                0.96696,                0.57057,                 0.9946,                0.89609,                 0.7973,                0.87907,                 0.6092,                  1.079,                  0.662,                 1.0747,             0.00092435,             0.00092435,             0.00092435
                     92,                  1.001,                0.59318,                  1.006,                0.88561,                  0.816,                 0.9005,                0.61168,                 1.0861,                0.64147,                  1.086,              0.0009161,              0.0009161,              0.0009161
                     93,                0.98473,                0.58121,                0.99579,                0.83827,                0.86015,                0.89553,                0.60464,                 1.0878,                0.64545,                 1.0761,             0.00090785,             0.00090785,             0.00090785
                     94,                0.97765,                0.57475,                0.99378,                0.87897,                0.82242,                0.89509,                0.60921,                 1.1069,                0.64024,                 1.0924,              0.0008996,              0.0008996,              0.0008996
                     95,                 0.9719,                0.58204,                 0.9902,                0.85567,                0.86289,                0.88836,                0.60176,                 1.0925,                0.64342,                  1.092,             0.00089134,             0.00089134,             0.00089134
                     96,                0.98634,                0.59991,                0.99368,                0.85664,                0.83552,                0.88781,                0.60532,                 1.0842,                0.64917,                  1.076,             0.00088309,             0.00088309,             0.00088309
                     97,                0.99921,                0.59421,                 1.0045,                0.88709,                0.79066,                0.88054,                0.60686,                 1.0717,                0.65555,                 1.0799,             0.00087484,             0.00087484,             0.00087484
                     98,                0.96373,                 0.5683,                0.98669,                0.85576,                0.81228,                0.87099,                0.60681,                 1.0797,                 0.6364,                 1.0837,             0.00086659,             0.00086659,             0.00086659
                     99,                0.99949,                0.57955,                0.99577,                0.86089,                0.82236,                0.89312,                0.61397,                 1.0855,                0.63772,                 1.0876,             0.00085834,             0.00085834,             0.00085834
                    100,                0.97639,                0.55988,                0.99085,                0.86728,                0.82404,                0.88409,                0.61325,                 1.0714,                0.64695,                 1.0716,             0.00085009,             0.00085009,             0.00085009
                    101,                0.95707,                0.55945,                0.98554,                0.85067,                0.84358,                0.88751,                0.61763,                 1.0693,                0.63822,                 1.0692,             0.00084184,             0.00084184,             0.00084184
                    102,                0.95742,                0.56239,                0.98716,                0.87012,                 0.8206,                0.88423,                0.60984,                 1.0778,                0.63477,                 1.0781,             0.00083358,             0.00083358,             0.00083358
                    103,                0.95115,                0.55597,                 0.9924,                0.86883,                0.82798,                0.88377,                0.60299,                 1.0798,                0.63636,                 1.0762,             0.00082533,             0.00082533,             0.00082533
                    104,                0.93591,                0.56499,                0.99052,                0.84864,                0.83843,                0.87782,                0.60502,                 1.1004,                0.65563,                 1.0956,             0.00081708,             0.00081708,             0.00081708
                    105,                0.96237,                0.55776,                0.98143,                0.88224,                0.82244,                0.88221,                0.61381,                 1.0845,                0.65278,                 1.0731,             0.00080883,             0.00080883,             0.00080883
                    106,                0.97232,                0.55759,                0.98026,                0.88177,                0.81059,                0.87117,                0.60673,                  1.105,                0.67328,                 1.0911,             0.00080058,             0.00080058,             0.00080058
                    107,                0.95529,                0.55202,                0.98463,                0.88491,                0.83754,                0.89382,                0.62637,                 1.0589,                0.63566,                 1.0726,             0.00079233,             0.00079233,             0.00079233
                    108,                0.96502,                0.56184,                0.98455,                 0.8837,                0.85051,                0.90413,                0.63135,                 1.0618,                 0.6096,                 1.0665,             0.00078407,             0.00078407,             0.00078407
                    109,                0.99491,                0.56424,                0.98814,                0.86029,                0.82881,                0.87809,                0.60325,                 1.0907,                0.64985,                 1.0815,             0.00077582,             0.00077582,             0.00077582
                    110,                0.95239,                0.55549,                0.98243,                0.85886,                0.83459,                0.87069,                0.60294,                  1.076,                0.67167,                 1.0787,             0.00076757,             0.00076757,             0.00076757
                    111,                0.95417,                0.54652,                0.99003,                0.86831,                0.82754,                0.88466,                0.61005,                 1.0646,                0.63651,                 1.0671,             0.00075932,             0.00075932,             0.00075932
                    112,                0.97267,                0.55031,                0.97462,                 0.8697,                0.83219,                0.89083,                0.61378,                 1.0897,                0.63551,                 1.0885,             0.00075107,             0.00075107,             0.00075107
                    113,                0.97992,                0.55156,                 0.9748,                0.88386,                0.83094,                0.88922,                0.61256,                 1.0926,                0.64123,                 1.0858,             0.00074282,             0.00074282,             0.00074282
                    114,                 0.9496,                0.54561,                0.97628,                0.86868,                0.85663,                0.89024,                0.62025,                 1.0743,                0.62024,                 1.0718,             0.00073456,             0.00073456,             0.00073456
                    115,                0.92228,                0.53119,                0.97387,                0.87971,                0.81735,                0.87988,                 0.6057,                 1.0885,                0.64526,                 1.0819,             0.00072631,             0.00072631,             0.00072631
                    116,                0.92633,                0.54923,                0.97555,                0.87303,                0.83662,                0.89095,                0.61656,                 1.0748,                0.62283,                 1.0712,             0.00071806,             0.00071806,             0.00071806
                    117,                0.90392,                0.51915,                0.96935,                0.85006,                0.83989,                0.88891,                0.61622,                 1.0704,                0.62622,                 1.0736,             0.00070981,             0.00070981,             0.00070981
                    118,                0.94283,                0.53573,                0.97013,                0.86311,                0.83997,                0.88063,                0.61044,                   1.08,                0.64383,                 1.0808,             0.00070156,             0.00070156,             0.00070156
                    119,                0.93106,                0.52885,                0.97206,                0.90191,                0.82074,                0.88806,                0.62491,                 1.0861,                 0.6443,                 1.0707,             0.00069331,             0.00069331,             0.00069331
                    120,                0.92244,                0.52506,                0.97002,                0.87665,                0.83701,                0.89067,                0.61286,                  1.088,                0.63223,                 1.0809,             0.00068505,             0.00068505,             0.00068505
                    121,                0.95098,                0.53648,                0.97225,                0.88112,                0.81349,                0.87757,                 0.6109,                 1.0741,                0.64361,                 1.0714,              0.0006768,              0.0006768,              0.0006768
                    122,                0.90639,                0.52577,                0.97369,                0.87085,                0.82727,                0.88949,                0.61719,                 1.0857,                0.63959,                 1.0765,             0.00066855,             0.00066855,             0.00066855
                    123,                 0.9307,                0.53915,                0.97392,                0.82483,                0.86496,                0.88193,                0.61421,                 1.0824,                0.65467,                 1.0729,              0.0006603,              0.0006603,              0.0006603
                    124,                0.89276,                0.51431,                0.96799,                0.88002,                0.84157,                0.89647,                0.62043,                  1.073,                0.61904,                 1.0778,             0.00065205,             0.00065205,             0.00065205
                    125,                0.92356,                0.52812,                0.97177,                0.85731,                 0.8595,                0.89584,                0.62223,                  1.082,                0.60629,                 1.0693,              0.0006438,              0.0006438,              0.0006438
                    126,                0.92757,                0.53161,                0.97646,                0.88721,                0.85051,                0.90231,                0.62221,                 1.0681,                0.61186,                 1.0645,             0.00063554,             0.00063554,             0.00063554
                    127,                0.94378,                0.53124,                0.95533,                0.86077,                0.83975,                0.89001,                0.61401,                  1.083,                0.61746,                 1.0807,             0.00062729,             0.00062729,             0.00062729
                    128,                0.91238,                0.51736,                0.96953,                0.84657,                0.86601,                0.89144,                0.62025,                 1.0651,                0.62876,                 1.0708,             0.00061904,             0.00061904,             0.00061904
                    129,                0.90608,                 0.5169,                0.96687,                0.83869,                0.85901,                0.89063,                0.62148,                 1.0728,                0.62636,                 1.0788,             0.00061079,             0.00061079,             0.00061079
                    130,                0.93596,                0.51666,                0.96875,                0.88286,                0.81688,                0.88902,                0.61833,                 1.0769,                0.61843,                 1.0705,             0.00060254,             0.00060254,             0.00060254
                    131,                0.90455,                0.50541,                0.95724,                 0.8801,                0.84105,                0.89029,                0.62217,                 1.0822,                0.62771,                 1.0759,             0.00059429,             0.00059429,             0.00059429
                    132,                0.91726,                 0.5013,                0.96382,                 0.8521,                0.85178,                0.89172,                0.62056,                 1.0803,                 0.6171,                  1.075,             0.00058603,             0.00058603,             0.00058603
                    133,                0.91482,                0.51408,                0.96358,                0.86927,                0.85126,                0.89682,                0.60456,                 1.0852,                0.61497,                 1.0765,             0.00057778,             0.00057778,             0.00057778
                    134,                0.92157,                0.51555,                0.96384,                0.83571,                0.85961,                0.89557,                0.61241,                 1.0969,                0.63455,                 1.0797,             0.00056953,             0.00056953,             0.00056953
                    135,                0.91936,                0.51984,                0.96288,                0.85866,                0.85803,                0.89158,                0.61084,                 1.0864,                 0.6186,                 1.0798,             0.00056128,             0.00056128,             0.00056128
                    136,                0.87539,                0.50144,                0.95663,                 0.8625,                0.83659,                 0.8915,                0.61589,                 1.0788,                0.62134,                 1.0799,             0.00055303,             0.00055303,             0.00055303
                    137,                 0.9229,                0.50396,                0.95777,                0.85629,                0.84162,                 0.8853,                0.60597,                 1.0884,                0.63737,                 1.0902,             0.00054478,             0.00054478,             0.00054478
                    138,                0.87533,                0.49423,                0.95909,                 0.8652,                0.84442,                0.88567,                0.61112,                 1.0807,                0.62676,                 1.0814,             0.00053652,             0.00053652,             0.00053652
                    139,                0.89264,                0.50668,                0.95501,                0.86254,                0.83625,                0.87866,                0.60759,                 1.0817,                0.63217,                 1.0827,             0.00052827,             0.00052827,             0.00052827
                    140,                0.87195,                0.50042,                0.95318,                0.87939,                 0.8324,                0.88652,                0.60799,                 1.0919,                0.62165,                 1.0876,             0.00052002,             0.00052002,             0.00052002
                    141,                0.88429,                 0.5091,                0.96719,                0.88437,                 0.8188,                0.88164,                0.60744,                 1.0899,                0.62677,                 1.0776,             0.00051177,             0.00051177,             0.00051177
                    142,                0.89131,                0.49125,                0.94967,                0.88247,                0.82397,                0.89105,                0.60674,                  1.094,                0.63143,                 1.0753,             0.00050352,             0.00050352,             0.00050352
                    143,                0.88165,                0.50503,                0.96145,                0.88862,                0.81994,                0.87978,                0.60812,                  1.077,                0.63519,                 1.0792,             0.00049527,             0.00049527,             0.00049527
                    144,                0.88963,                0.49649,                0.95577,                0.89141,                0.81815,                0.88006,                 0.6055,                 1.0822,                0.62775,                 1.0846,             0.00048701,             0.00048701,             0.00048701
                    145,                0.88638,                0.49449,                0.95576,                0.87399,                0.82021,                0.88542,                0.61716,                 1.0901,                0.63012,                 1.0862,             0.00047876,             0.00047876,             0.00047876
                    146,                0.87166,                0.49535,                 0.9501,                0.86668,                0.83055,                0.88374,                 0.6183,                 1.0729,                0.62014,                 1.0839,             0.00047051,             0.00047051,             0.00047051
                    147,                0.89058,                0.49723,                0.95662,                0.86488,                0.84607,                0.89123,                 0.6175,                 1.0751,                 0.6084,                 1.0793,             0.00046226,             0.00046226,             0.00046226
                    148,                0.84114,                0.47432,                0.94871,                0.87302,                0.82684,                0.89262,                0.61641,                 1.0932,                0.61454,                 1.0909,             0.00045401,             0.00045401,             0.00045401
                    149,                0.89288,                0.48915,                0.96252,                0.85914,                0.82453,                0.89073,                0.61318,                 1.0741,                 0.6197,                 1.0791,             0.00044576,             0.00044576,             0.00044576
                    150,                0.86021,                0.47788,                0.94458,                0.86859,                0.82394,                 0.8884,                0.62114,                 1.0586,                0.62547,                 1.0718,              0.0004375,              0.0004375,              0.0004375
                    151,                0.86597,                0.48611,                0.94563,                0.87025,                0.82894,                0.88715,                0.61726,                 1.0757,                0.61709,                 1.0801,             0.00042925,             0.00042925,             0.00042925
                    152,                0.85062,                0.47333,                0.94796,                0.88492,                0.82213,                0.88739,                0.61748,                 1.0737,                0.62464,                  1.083,               0.000421,               0.000421,               0.000421
                    153,                0.85734,                0.48328,                0.95482,                0.84904,                0.84948,                0.88937,                0.62252,                 1.0641,                0.60764,                 1.0734,             0.00041275,             0.00041275,             0.00041275
                    154,                0.87447,                0.47878,                0.95465,                0.87551,                0.80884,                0.87619,                0.61209,                 1.0779,                0.62045,                 1.0881,              0.0004045,              0.0004045,              0.0004045
                    155,                 0.8575,                0.47839,                0.95027,                0.89837,                0.81239,                0.88536,                0.61903,                 1.0693,                0.61711,                 1.0771,             0.00039625,             0.00039625,             0.00039625
                    156,                0.88284,                0.48935,                0.94821,                0.87575,                0.82651,                0.88892,                0.61956,                 1.0666,                0.62156,                 1.0695,             0.00038799,             0.00038799,             0.00038799
                    157,                0.85855,                0.47438,                0.94843,                 0.8586,                0.83046,                0.88426,                0.61554,                 1.0818,                 0.6326,                 1.0787,             0.00037974,             0.00037974,             0.00037974
                    158,                0.84906,                0.48124,                0.94929,                0.86144,                 0.8431,                0.88799,                 0.6173,                 1.0695,                0.63186,                 1.0771,             0.00037149,             0.00037149,             0.00037149
                    159,                0.85289,                0.47025,                0.94219,                0.85607,                0.83572,                0.88309,                0.61861,                 1.0723,                0.62757,                  1.077,             0.00036324,             0.00036324,             0.00036324
                    160,                0.83755,                 0.4719,                0.93925,                0.85851,                 0.8348,                0.88762,                0.61771,                 1.0691,                0.62431,                 1.0751,             0.00035499,             0.00035499,             0.00035499
                    161,                0.84415,                0.47211,                0.94916,                0.84449,                0.83668,                0.88808,                0.61677,                 1.0675,                0.61734,                 1.0768,             0.00034674,             0.00034674,             0.00034674
                    162,                0.87438,                0.47686,                0.93972,                0.86881,                 0.8313,                0.89147,                0.62141,                 1.0778,                0.62735,                 1.0762,             0.00033848,             0.00033848,             0.00033848
                    163,                0.83014,                0.45371,                0.94279,                0.83971,                0.84883,                0.89098,                0.62449,                 1.0765,                0.63343,                 1.0806,             0.00033023,             0.00033023,             0.00033023
                    164,                0.85635,                0.46881,                 0.9362,                0.81941,                0.85216,                0.88654,                 0.6194,                 1.0745,                0.62935,                 1.0777,             0.00032198,             0.00032198,             0.00032198
                    165,                0.85792,                0.46607,                0.94614,                0.88778,                0.82446,                0.89844,                0.62756,                 1.0677,                0.60867,                 1.0733,             0.00031373,             0.00031373,             0.00031373
                    166,                0.84506,                0.46118,                0.94024,                0.88803,                0.81139,                0.89813,                0.62736,                 1.0675,                0.61918,                 1.0724,             0.00030548,             0.00030548,             0.00030548
                    167,                0.84718,                0.47178,                0.94151,                 0.8746,                0.82446,                 0.8952,                0.62186,                 1.0726,                0.61492,                 1.0801,             0.00029723,             0.00029723,             0.00029723
                    168,                0.82262,                0.45461,                0.93969,                0.90251,                0.79758,                0.88823,                0.61591,                 1.0822,                0.63612,                  1.083,             0.00028897,             0.00028897,             0.00028897
                    169,                0.82029,                0.45538,                0.93373,                0.87919,                0.80322,                0.88416,                0.61697,                 1.0831,                0.63602,                 1.0842,             0.00028072,             0.00028072,             0.00028072
                    170,                0.82879,                0.45797,                0.93627,                0.88166,                0.80161,                0.88207,                0.62107,                 1.0754,                0.62882,                 1.0784,             0.00027247,             0.00027247,             0.00027247
                    171,                0.84714,                0.45667,                0.94115,                0.88538,                0.80433,                0.88817,                0.61891,                 1.0819,                0.62456,                 1.0778,             0.00026422,             0.00026422,             0.00026422
                    172,                0.83108,                0.45285,                0.93396,                0.87448,                0.83402,                0.89353,                0.62284,                 1.0744,                0.61454,                 1.0721,             0.00025597,             0.00025597,             0.00025597
                    173,                0.82735,                 0.4525,                0.93433,                0.88162,                0.82764,                0.88875,                0.62038,                 1.0775,                 0.6225,                 1.0771,             0.00024772,             0.00024772,             0.00024772
                    174,                0.83145,                0.44374,                0.93213,                0.86027,                0.84342,                0.88771,                0.61745,                 1.0777,                0.62775,                 1.0776,             0.00023946,             0.00023946,             0.00023946
                    175,                0.79305,                0.43886,                0.93601,                0.85536,                0.83111,                0.88696,                0.61559,                 1.0806,                0.62603,                 1.0814,             0.00023121,             0.00023121,             0.00023121
                    176,                0.82224,                 0.4593,                0.93681,                0.85382,                0.85034,                0.88784,                0.62173,                 1.0778,                 0.6197,                 1.0798,             0.00022296,             0.00022296,             0.00022296
                    177,                 0.7941,                0.43471,                0.93277,                0.88145,                0.82373,                0.89058,                0.62509,                 1.0711,                 0.6226,                 1.0778,             0.00021471,             0.00021471,             0.00021471
                    178,                0.79958,                  0.449,                0.92891,                0.86965,                 0.8263,                0.89083,                0.62351,                 1.0745,                0.62582,                 1.0737,             0.00020646,             0.00020646,             0.00020646
                    179,                 0.8041,                0.45142,                0.93737,                0.84631,                0.84251,                0.88954,                0.62503,                 1.0821,                0.61823,                 1.0845,             0.00019821,             0.00019821,             0.00019821
                    180,                0.80456,                0.44529,                0.92893,                0.84669,                0.84784,                0.88977,                0.62371,                 1.0789,                0.61624,                 1.0838,             0.00018995,             0.00018995,             0.00018995
                    181,                 0.8347,                0.44713,                0.92755,                0.85286,                0.84081,                0.88816,                0.61961,                 1.0795,                0.61011,                 1.0811,              0.0001817,              0.0001817,              0.0001817
                    182,                0.79415,                0.44036,                 0.9355,                0.88772,                0.81652,                0.89535,                 0.6261,                 1.0742,                0.60624,                 1.0757,             0.00017345,             0.00017345,             0.00017345
                    183,                0.82484,                0.44883,                0.92752,                0.83963,                0.85697,                0.89203,                0.62245,                 1.0752,                0.60523,                 1.0796,              0.0001652,              0.0001652,              0.0001652
                    184,                0.81463,                0.45672,                0.92771,                0.87861,                0.81817,                0.88835,                0.62364,                 1.0743,                0.60597,                 1.0784,             0.00015695,             0.00015695,             0.00015695
                    185,                0.82088,                0.44262,                0.93149,                0.84928,                0.84316,                0.89152,                 0.6295,                 1.0635,                0.61386,                 1.0749,              0.0001487,              0.0001487,              0.0001487
                    186,                0.79635,                0.43732,                 0.9265,                0.86384,                0.82667,                0.88774,                0.62948,                 1.0657,                0.61565,                 1.0753,             0.00014044,             0.00014044,             0.00014044
                    187,                0.82074,                0.44596,                0.92672,                0.85137,                 0.8433,                0.89073,                0.62685,                 1.0711,                0.61227,                 1.0737,             0.00013219,             0.00013219,             0.00013219
                    188,                0.80348,                0.43733,                0.92615,                0.87135,                0.82261,                0.89182,                0.62341,                  1.073,                0.61555,                 1.0762,             0.00012394,             0.00012394,             0.00012394
                    189,                0.78726,                0.43284,                0.92498,                0.87375,                0.82163,                0.89245,                0.62484,                 1.0721,                0.61679,                 1.0776,             0.00011569,             0.00011569,             0.00011569
                    190,                0.80087,                0.43715,                0.92635,                 0.8742,                0.82574,                0.89163,                0.62407,                 1.0729,                0.60977,                 1.0756,             0.00010744,             0.00010744,             0.00010744
                    191,                0.76412,                0.39483,                0.90551,                0.87891,                0.81874,                0.88822,                0.61981,                 1.0825,                0.60281,                 1.0805,             9.9187e-05,             9.9187e-05,             9.9187e-05
                    192,                0.74843,                0.38033,                0.89678,                0.89575,                0.81892,                0.88856,                0.61662,                 1.0837,                0.60114,                  1.086,             9.0935e-05,             9.0935e-05,             9.0935e-05
                    193,                0.75678,                0.38218,                0.90298,                0.88307,                0.81831,                 0.8899,                0.62039,                 1.0817,                0.60597,                 1.0848,             8.2683e-05,             8.2683e-05,             8.2683e-05
                    194,                0.76244,                0.38557,                0.90114,                0.88694,                0.81227,                0.89115,                0.61921,                 1.0823,                0.60491,                  1.084,             7.4432e-05,             7.4432e-05,             7.4432e-05
                    195,                0.75898,                0.38511,                0.90512,                0.88634,                0.80658,                0.88923,                0.62383,                 1.0845,                0.60659,                 1.0823,              6.618e-05,              6.618e-05,              6.618e-05
                    196,                0.75208,                0.38224,                0.89082,                0.88471,                0.82032,                0.89122,                0.62197,                 1.0803,                0.60328,                 1.0812,             5.7928e-05,             5.7928e-05,             5.7928e-05
                    197,                0.74904,                0.37214,                0.89945,                0.87771,                 0.8204,                0.88929,                0.62404,                 1.0797,                0.60147,                 1.0799,             4.9677e-05,             4.9677e-05,             4.9677e-05
                    198,                0.75277,                0.37368,                0.89362,                0.88465,                0.82053,                 0.8916,                0.62341,                  1.077,                 0.6021,                 1.0795,             4.1425e-05,             4.1425e-05,             4.1425e-05
                    199,                 0.7403,                0.37237,                0.90177,                0.88267,                0.81042,                0.88837,                0.62455,                 1.0768,                0.60054,                 1.0809,             3.3173e-05,             3.3173e-05,             3.3173e-05
                    200,                0.74128,                0.37105,                0.89545,                0.88764,                0.81284,                0.89037,                0.62445,                 1.0736,                0.59934,                 1.0802,             2.4922e-05,             2.4922e-05,             2.4922e-05
